,review_score,review_comment
0,4.2,"['저도 예약하기전 후기들을 많이 찾아보고 갔는데도 약간의 불안감이 있었는데 여행 후기 결론은 대 만 족!.일단 수영장은 약품 냄새가 많이 나긴 했지만 그만큼 위생에 신경써주신다는 생각이 들었고 물온도 아주 좋았습니다! 특히 저희는 7살 아이둘이 함께 있어서 아이들이 춥지 않을까 걱정했는데 온도가 아주 적절했구요!.특히 저희 신랑은 탈수기가 아주 좋았다고 하네요.애들 옷 말리려면 아주ㅠㅠ 큰일이라 너무 큰 서비스를 받았습니다 ..강아지들을 위한 시설도 아주 깔끔하게 마련되어 있어서 너무 편하게 놀다왔네요! 애들 식기부터 배변패드,쿠션, 강아지 타올까지! 아주 섬세하게 준비해놓으셨어요 ..비가 와서 잔디밭에서 뛰놀지 못한게 가장 아쉽습니다ㅠ.내년에도 다시 이용할 예정입니다!더보기', '험난한시기에 방문결정주셔서 감사합니다 비가와서 아쉬운점많으셨죠 베스트후기에당첨되셔서 가평레일바이크이용권 2매 보내드리께요 내년에 또뵐수있었으면 좋겠어요', '일단 산속이라 굉장히 습해요 ㅋ 그리고 추워요ㅠ.입실할때 사장님께서 실내온도 24도에 맞춰놓았다고 하셨는데.수영을 하고오니 너무 추워서 에어컨을 껐어요 ㅋ.그뒤로 에어컨은 안켰어요 밤에 이불도 잘 덮고 잤어요ㅋ.산속이라 확실히 쌀쌀하더라구요 ㅋ.밤엔 펜션 조명이 너무 예뻤어요 ~..그리고 공용수영장은 생각보다 너무 깨끗했어요..날아다니는 벌레들이 알아서 입수하는걸 사장님께서 막을 순 없으니.당연히 벌레는 떠다녀요...ㅋ.이건 정말 어쩔수 없어요 근데 개털은 안보였어요 ㅋ.좀 아쉬운 건 물이 미온수까진 아니더라구요ㅠ.30분정도 놀다보니 추워서 나왔어요 ㅋ..그리고 펜션마당에 인공잔디랑 울타리를 잘 해놓으셔서.댕댕이가 뛰어놀기 너무 좋았어요 ~.저희 아이는 다른 친구들한테 입질을 좀 해서ㅠ.걱정이 돼서 풀어놓지 못하고 항상 목줄을 했는데.다른 댕댕이들은 줄 없이 잘 뛰어놀았어요 ㅋㅋ..그리고 숯불!! 와 ~ 저는 고깃집 불판쓰는 펜션은 처음이었어요 ㅋㅋ.고기 진짜 너무 맛있게 구워먹었어요 ㅋ.옥수수랑 고구마도 가져가서 숯에 구워먹었는데.정말 ㅠㅠ 감동이었어요 ㅠㅠ JMT ㅠㅠ.그리고 바베큐장도 각 실마다 따로 공간이 돼있어서.다른 친구들과 소란 떠는거 없이 조용히 저녁을 먹을 수 있었습니다...너무 만족스러운 여행이었습니다 ^^더보기', '안녕하세요  ^^우선 동반펜션을 이용해주셔서 감사합니다  여름에도 산속이라 아침저녁으로 시원하답니다~~귀여운 강아지랑 즐거운시간 가지셨다니 저희도 즐겁네요  벌레는 늘 신경쓰고있는데도 어쩔수없는 부분이있음을 이해해주시니 더 감사드립니다  앞으로도 불편하신점 참고하여 개선하도록 노력하겠습니다 .감사합니다 .강아지랑 행복하세요 ^^더보기', '조리기구 다 있고 청결도, 숙소, 시설 다 만족합니다👍.애견용 스파, 드라이룸, 샴푸 린스 다 있어서 굳이 안 들고오셔도 될 것 같네요. 수영장도 따뜻하고 넓었어요 !.애견용 튜브랑 구명조끼 다 있어서 편하고 재밌게 놀다갑니다...주인아주머니도 굉장히 친절하셨고 지인분들에게 추천해드리고 싶은 그런 숙소였어요 !! 밤에는 별도 잘 보이고 운치좋은 곳이에요ㅠ 또 갈 예정입니다 :)더보기', '안녕하세요 ^^우선 동반펜션을 이용해주셔서 감사드립니다 .이용하시는데 불편함은 없으셨는지요 즐거운시간에 저희와 함께  해주셔서 감사합니다 .귀여운 강아지 와의 재방문을 기대하며 ~~늘 행복하시길 바랄께요^^', '친절하시고 수영장 등 청결 관리가 잘돼 편안하게 잘 쉬었습니다', '시설은 살짝 올드한 느낌이 있었지만 객실내부는 청결하고 침구도 깔끔했습니다. 수영장도 미온수로 잘 이용했고 강아지 구명조끼, 강아지 샤워시설도 잘 마련되어있습니다. 복층인데 안전하게 펜스가 다 설치되어있어 계단 오르고 내릴때 불편함 없었습니다. 특히 고기구워먹는데 바베큐 불이 은은해서 고기가 타지 않고 잘 구워진 펜션은 이곳이 처음이었습니다. 사장님도 너무 친절하시고 너무 만족스러웠습니다. 주말동안 잘 쉬다갑니다^^', '사장님 너무 친절하시고 시설도 너무 깨끗하고 좋았습니다 단점은 수영장 물이 좀 따뜻했으면 더 좋았을거 같아요 나머지는 너무 좋았습니다~', '안녕하세요 고객님~.먼저 저희 펜션을 이용하시고, 이렇게 소중한 후기에 행복한 말을 담아주셔서 감사합니다:).저희 펜션을 이용해주시는 모든 고객님들께 친절함으로 응대하려 노력하는 부분을 알아주셔서 감사드리며, 추후 재방문 기회가 있으시다면 보다 더 나은 서비스를 제공할 수 있도록 더욱 더 노력하겠습니다^^.감사합니다~!더보기', '시설은 사용감이 좀 있지만 청결하게 과.관리가 잘 되었고, 샤워용품도 싸구려 안쓰고 식기류가 이케아 제품으로 펜션스럽지 않고 고급졌어요. 침구류 상태도 깨끗해서 좋았네요.복층 숙소 계단이 조금 가팔라서 강아지 안고 오르내리며 조금 무서웠지만 장점이 더 많아서 재방문 의사 있어요. 산속 깊이 있어 밤에 날벌레가 많았던게 젤 단점이었어요.', '안녕하세요..저희 펜션을 이용해주셔서 감사드리며, 항상 최고의 펜션이 될 수 있도록 더욱 더 노력하겠습니다..행복한 시간 보내주셨고 소중한 후기까지 작성해주셔서 저희 펜션 또한 뿌듯하고 행복한 시간이였습니다..감사합니다^^', '시설이 너무 잘 관리되어서 좋았어요..관리자도 너무 착하시고...담에 다시 방문할께요.', '안녕하세요..저희 펜션을 이용해주셔서 감사드리며, 항상 최고의 펜션이 될 수 있도록 더욱 더 노력하겠습니다..행복한 시간 보내주셨고 소중한 후기까지 작성해주셔서 저희 펜션 또한 뿌듯하고 행복한 시간이였습니다..감사합니다^^', '예약하기전 후기를 많이 보고 평가도가 그렇게 나쁘지 .않은것 같아 괜찮다 싶어 예약후 방문결과.너무 실망했습니다.사장님의 친절도도 모르겠구.기존2명 추가인원2명 가능한 객실로.성인3 아동1 반려견1.이렇게 예약 했습니다.일단 금액대비 퀄리티가 너무 낮고 사진대비 너무 좁은데다 .객실에서 야외바베큐장 및 스파, 풀빌라 이용시 계단을.오르락 내리락 너무 불편했으며.반려견이 소형견이면 오르지도 못할 정도로 계단이 높으며 개인 풀장 +스파 실내, 외 바베큐장 및.객실내부 또한 청소가 제대로 이루어지는지.눈살을 찌뿌릴 정도로 더러웠으며.객실 내부중 욕실 바닥에 여성용 머리카락은 길게.군데군데 있었고.클린용 테이프(일명 돌돌이) 에도 전 고객이 사용한 흔적 먼지 머리카락도 그대로 있고 스파 바닥엔 벌레죽은것, 먼지등 풀빌라엔 곰팡이 미끄러움등.1박이니 하루만 참자하며 놀다 왔지만.추천도 해주고 싶지도 않구 .다녀본것중 다시는 가구 싶지 않은곳 1위가 될거 같네요더보기', '안녕하세요 고객님.우선 저희 펜션을 이용하시면서 불편함을 느끼신 부분에 대해 먼저 사과드립니다..객실 정비 및 세세하게 확인하여 고객님께 만족감을 드렸어야 하는데 그러하지 못한 점이 많았던 것 같습니다..이용하시면서 불편하셨던 부분은 사과의 말씀드리며, 고객님께서 말씀주신 것들 하나 하나 귀담아 들어 더욱 보완하고 노력하여 좋은 서비스를 제공할 수 있도록 하겠습니다..감사합니다.더보기', '시설은 노후합니다. 화장실 배수가 안되어서 물바다. 수영장도 물이 깨끗한 편은 아닙니다. 바베큐 숱과 그릴 비용이 4만원으로 비쌉니다. 산속이라 주변 접근성은 안좋으나 경치는 좋습니다. 물은 판매중이고 기본 제공 물은 없습니다. 그냥 정말 반려견과 갈때 없을때 갈수 있는 정도의 수준. 적극 추천을 어렵습니다.', '안녕하세요 고객님.먼저 저희 펜션을 이용해주셔서 감사하다는 말씀드립니다..세세하게 챙기지 못한 부분으로 불편함을 드린 것 같습니다..해당 부분은 유념하여 좀 더 신경쓰도록 하겠습니다..이용하시면서 불편하셨던 부분은 사과의 말씀드리며, 소중한 후기 감사드립니다.더보기', '사진과 좀 다른 듯 했지만 그럭저럭 잘 지내고 왔습니다', '안녕하세요 고객님~.먼저 저희 펜션을 이용해주셔서 감사하다는 말씀 먼저 드립니다..항상 고객님께 100%만족감을 드리고 싶은 마음은 앞서나, 그러지 못함에 따라 아쉬움에 먼저 따릅니다..고객님들 한분 한분 얘기를 귀담아 들어 최대의 서비스가 제공될 수 있도록 더욱 노력하겠습니다..감사합니다.더보기', '진짜 좋았어요 강아지들도 좋아하고 수영장도 넓고 좋았어요!', '안녕하세요 고객님!.방문해주시고 재밌게 보내고 가셨다니 저희가 오히려 너무 감사드립니다..앞으로도 만족할 수 있도록 더욱 더 노력하겠습니다..감사합니다 :)', '생각이상으로 너무 좋아서 다음에 또 방문예정입니다!', '안녕하세요..저희 펜션을 이용해주셔서 감사드리며, 항상 최고의 펜션이 될 수 있도록 더욱 더 노력하겠습니다..행복한 시간 보내주셨고 소중한 후기까지 작성해주셔서 저희 펜션 또한 뿌듯하고 행복한 시간이였습니다..감사합니다^^', '가성비 갑이라고 봅니다.  사장님도 친절하세요..선선한 날씨에  1층에서  바베큐 잘해먹었어요', '안녕하세요 고객님~.먼저 저희 펜션을 이용하시고, 이렇게 소중한 후기와 사진도 담아주셔서 감사합니다:).저희 펜션을 이용해주시는 모든 고객님들께 친절함으로 응대하려 노력하는 부분을 알아주셔서 감사드리며, 추후 재방문 기회가 있으시다면 보다 더 나은 서비스를 제공할 수 있도록 더욱 더 노력하겠습니다^^.감사합니다~!더보기', '애견펜션인데 사람이 더신나게놀고와써요', '안녕하세요 고객님!.방문해주시고 재밌게 보내고 가셨다니 저희가 오히려 너무 감사드립니다..앞으로도 만족할 수 있도록 더욱 더 노력하겠습니다..감사합니다 :)', '마중냥이 쫄랑이가 있어요. 숙소에 무단침입 하려는 아주 웃기고 귀엽고 착하고 멋지고 잘생긴 고양이에요. 강없찐 주제에 호기롭게 반려견 동반펜션을 예약한 저희도 행복하게 털동물을 쓰다듬고 왔어요.후기 수정 중에 사진이 날아가서 못올려서 너무 아쉬울 정도에요. 동반펜션답게 기본용품들이 다 갖춰져있어서 강아지와 함께왔다면 참 좋았을 것 같아요. 마당문도 걸어잠글 수 있고 방묘창?? 안전물도 있어요. 기본풀장이 있어서 수영도 할 수 있었어요. 마당이 참 예쁘고 장난감도 있어요. 개인 바베큐장을 실내/실외 중 고를 수 있고 실내로 골라 벌레없고 춥지않게 이용했습니다! 숙소가 깔끔하고 시설들이 잘 준비되어 있고 돌돌이도 있어요! 다른 펜션에 비해 깊이 위치해있지만 마트픽업으로 이동이 불편하진 않았어요. 주인분도 친절하셨습니다! 넘넘 재밌게 놀다가요더보기', '안녕하세요 고객님!.방문해주시고 재밌게 보내고 가셨다니 저희가 오히려 너무 감사드립니다..앞으로도 만족할 수 있도록 더욱 더 노력하겠습니다..감사합니다 :)', '친절하시고..  편의성은 좋은데..  청결상태가 곳곳 너무 안좋았네요.. 쓰레기가 남아있거나..  세면대 날파리들이 죽어있고... 등등..  기대이하여서.. 같은 금액이면 재방문은 안할듯 합니다..', '안녕하세요 고객님.우선 저희 펜션을 이용하시면서 불편함을 느끼신 부분에 대해 먼저 사과드립니다..객실 정비 및 세세하게 확인하여 고객님께 만족감을 드렸어야 하는데 그러하지 못한 점이 많았던 것 같습니다..고객님께서 말씀주신 것들 하나 하나 귀담아 들어 더욱 보완하고 노력하여 좋은 서비스를 제공할 수 있도록 하겠습니다..감사합니다.더보기', '펜션이 조용하고 쫄랑이 귀여워요', '안녕하세요..저희 펜션을 이용해주셔서 감사드리며, 항상 최고의 펜션이 될 수 있도록 더욱 더 노력하겠습니다..행복한 시간 보내주셨고 소중한 후기까지 작성해주셔서 저희펜션 또한 뿌듯하고 행복한 시간이였습니다..감사합니다^^', '너무편하게잘쉬다가왔습니다.', '안녕하세요 고객님!.방문해주시고 재밌게 보내고 가셨다니 저희가 오히려 너무 감사드립니다..앞으로도 만족할 수 있도록 더욱 더 노력하겠습니다..감사합니다 :)', '시설 생각보다 깔끔해요', '안녕하세요..항상 청결을 우선으로 생각하며 운영하고 있는데, 이 부분을 알아봐주셔서 너무 감사드립니다..여기에 만족하지 않고 더욱더 서비스를 제공할 수 있도록 노력하겠습니다..감사합니다:)']"
1,3.9,"['여자사장님 손님한테 짜증좀내지마세요 기분좋게놀러가서 입실부터 퇴실까지 자꾸짜증내시고 인상찌뿌리시고 저희도 같이짜증못내는거 아니고 기분좋은날이니까 참는거에요', '좋아도 싫어도 애지간해서는 귀찮아서 후기 안쓰는 사람이 후기를 달아봅니다. .결론 : .1. 간혹 보이는 치명적인 후기가 있는데는 이유가 있음. 풀장 위생상태 최악 (비위 좋은 사람인데 구역질함).2. 객실 안내 잘 읽고가시길 (추가요금 있음).3. 현재 6월 말 객실 내 벌래 많음,, (너무 놀라서 처음으로 숙소 사진을 찍어봄).4. 사장님 아닌 직원분이 숙소 관리를 하셔서 컨플레인을 말해도 해결이 쉽지않음 (시스템 문제인듯,, 사람좋게 생기신 직원분은 매우 친절하시지만 존재 이유를 모르겠음)..장점: 개별 풀장 물놀이가 재밋음, 튜브도 있음,매우 습기차서 사우나 하는것 같음, 수건이 여섯장이나 있음, 직원분이 인상이 매우좋고 컴플레인에 도움을 주실 수 없었지만,,그래도 친절하심..단점: 에어컨에서 물 새서 바닥에 물기 흥건 (좋은게 좋은거라고 생각하는 커플이라 그냥 감전만 안되면되징ㅋ 하면서 전기 빼놓음), 방이 거의 곤충도감, 컨플레인이 있으면 야놀자에 전화해야하는 이상한 프로세스를 가짐 물론 야놀자도 해결 못해줌 왜냐면 얘네는 중계업체자나여,,, 풀장 샤워실쪽에 슬리퍼로 닦일정도에 물때를 보유하고있음, 물에 이상한거 떠다님 ㅠ힝..평소 남한테 싫은말 못하는 꽃사슴같은 남자친구가 프로세스 운운하시면서 사장님 컨펌 전에는 아무것도 할 수 없다며 숙소에 있는 벌레 보시면서 감탄하시는 직원분 행동에 지금 심각하신거 직접 보셨으면 감탄만 하지마시고 해결책좀 달라고 박력있게 말하는 모습 보고 조금은 믿음직스럽다고 생각하게됨. 방바꿔서 잤고 이미 뭐 어쩔 수 없으니 정신승리 해보자면 좋은거 배웠고 또 남자친구의 의외의 모습을 발견해서 오히려좋아~~~!가보자고~~~! 물론 이쪽으로는 다신 안올꺼같음더보기', '정말좋아요', '더러운건 둘째치고 걍 오바인곳입니다.기분 좋게 여행하시려면 무조건 다른곳 가세요!.찝찝 체험 하시고 싶으신 분들께 추천합니다ㅎㅎ..ㅎ.숙박비가 사실 저렴한편도 아닌데, 필수 온수비 오만원을 현장 결제해야하는거 꼼꼼히 확인하셔야할듯 합니다.연박이면 무조건 추가금 두배이고, 히팅기 비용이라하시면서 물은 차갑고 더럽고.... 걍 3일동안 갈아주지도 않더라구요.주차장에 당당히 뜰채를 전시해두셨던데 한달에 한번은 갈고 계시는지........방에는 거미줄 천지에.. 거미만 3마리 잡음ㅠ.스파에 물을 받았다니 하얀 각질과 무슨 콩나물.. 둥둥.. 토할뻔했네요....사장님과 얘기하고 싶다니까 본인은 관리인이고 사장 번호는 모른다(?) 야놀자에 전화해라........(?).이 방에 오는 사람마다 컴플레인이네 하면서 손님한테 투덜대지말고 왜.. 오는사람마다 화가나는지 생각을 해보세요ㅋㅋㅋㅋㅋ 짐다싸서 왔으니 취소도 안될거고 니네는 걍 자야한다는 뻔뻔함....👏👏더보기', '너무 친절하시구 바베큐장은 살짝 작은느낌 있는데 대만족 입니다', '애기들과 좋은 추억 남길 수 있어 너무 좋았던 곳 ! 👍', '아늑하고 깨끗하고 만족스러웠습니다!.다음에 또 방문할게용:)', 'ㅂㄷㅂ싣ㅂ잉', '저 처럼 사진과 후기에 속아 보고 가시는 분들이 계실까봐 후기 씁니다 솔직히 여기는 진짜 숙박업 하면 안 될 거 같습니다! 후기는 어떤 앱을 사용 하셨음 이렇게 실물과 다르게 찍고 편집 하셨을지 그 노력에 한 번 놀라고 도착 하고 외부는 깨끗했지만 내부는 정말 더러웠던 점에 또 한 번 놀라고 이 팬션을 1박 2일로 약 50이라는 돈을 주고 간 거에 놀라서 총 3번이나 놀랐습니다 일단 외부는 깨끗하고 누가봐도 가고싶게 만드는 외부 였지만 내부는 충격적입니다! 곰팡이와 벌레 벽지 찢김 등등이 있었고 물은 깨끗했지만 몇개의 벌레가 물에 동동 떠다니는걸 보니 내가 팬션 선택을 너무너무너무 잘 했구나 생각을 하게 만들었습니다ㅎㅎ;; 사진은 뽀샤시 해서 정말 좋아보였지만 사진을 보시다시피..충격 그 자체 입니다^_^ 난 돈이 많고 돈을 쓸 때가 없으니 버리고 싶다! 하시는 분들은 여기 팬션을 정말 추천 드립니당 ㅎ ㅎ더보기', '깨끗한 수영장 물, 침구 등 좋았습니다! 패브릭 소품은 쓸수 있는 정도의 청결도는 아니었어요~ 수영장물은 입실부터 퇴실까지 온도유지 해주셨고 수영장 창이 폴딩도어라 전망도 좋고 행복했네요~ 주인분도 친절하셨어요! 잘 놀다 왔습니다!', '살면서 가봤던 모텔, 호텔, 리조트, 펜션 통틀어서 가장 더러웠습니다..일단 밖에서 보는 시설은 깔끔해보였고, 사진도 깔끔해보여 예약했는데 안에는 최악입니다...후기도 나쁜 것도 많았지만 좋은것도있어서 믿고가봤는데 ... 절대 재방문은 없을 것 같습니다...바닥은 한번도 안닦으셨는지 휴지에 물묻혀서 닦아보니 새까맣게 묻어나오더라구요.. 그리고 제일 최악인건 2만원내고 쓰는 전기그릴이였습니다..더러운 벽면을 보고 먹는 구조도 맘에 안즐었고 기본적인 식탁, 의자 청소도 안하셨는지 정말.. 최악이였습니다ㅠㅠ .주인분들 친절하시구 좋지만 그걸로는 커버될 수 없는 느낌입니다ㅠ 숙소 청결에 더 신경쓰셔야할 것 같습니다…더보기', 'ㄱㅅ급잏ㅂ', '깔끔하고 좋아요', '솔직히 깨끗한지는 모르겠음 .. 사진이랑 쫌다름', '와 진짜 너무 실망스러워요!!!.분명 아기있다고 수영장 깨끗하냐 확인전화까지 했었는데,, 관리인이 바껴서 걱정안해도 된다고 하셨는데,, 물상태 너무 별로에요. 스파는 들어가고 싶지도 않았어요,, 물에 뭐가 이렇게 많이 떠다니는건지,,후,, 미온수 5만원이나 받으시는데,, 관리 심각하네요ㅠ.그리고 쇼파도 좀 바꾸셔야할꺼같아여ㅠ진짜 가죽 다 갈라지고 벗겨져서 앉을수도 없어요,, 침구류는 펼쳤더니 먼지가 다닥다닥 붙어있고,, 진짜 사진과는 너무너무 다른 상태였어요ㅠ 후,, 주말에 더 비싼돈주고 갔으면 더 화날뻔했어요. 진짜 비추합니다더보기', '펜션이 주인이 바뀌어서 그런지 주인분한테 문의드렸을때 모르는 것도 있었고 펜션 안에 고장난게 좀 많았어요 문고리 등등 조금 아쉽긴했지만 그냥 잘 놀고 왔습니다!', '올리고 싶은 사진이 엄청많고 동영상도 있는데 야놀자는 올릴수있는 사진용량이 생각보다 작아서 친절하게 편집해서 올립니다~ .풀빌라에서 이끼냄새를 맡을줄이야 ㅋㅋㅋㅋ너무 신선한 경험이네요 .방안에서는 삼겹살 기름쩐내가 나고 수영장에서는 이끼+하수구 냄새로 가득하네요.그리고 스파는 꺼지지않아 밤새 제트스파 소리가 귓가에 맴도네요 자장가인줄 .장점은 24시간 미온수 수영장이네요 하지만 사진에서 보이는것처럼 곰팡이와 이물질들이 둥둥어다니는 수영장에 들어가지못하겠어요더보기', '음 당일 통보로 지역과 숙소 변경 당했는데 처음에 기분이 안좋았지만 다른 숙소 가보니 오히려 좋긴 좋았습니다 다음에 가평 숙소를 이용해보고싶네요ㅠ', '온수가 나오지 않는 것만 빼면 괜찮은 편인듯합니다ㅎㅎ', '사장님 너무너무 친절하시구요!!!! 가평펜션 예약하면 실망많이하는데 여기는너무좋아요   깨끗하구 좋아요 몇번더갈것같아요! 사장님 짱']"
2,4.0,"['네이버후기가  안좋아서 걱정했었는데 괜히걱정햇었던거같아요ㅎㅎ가자마자 주인아주머니가 원래알던이모처럼 완전반갑게 맞이해주시고 강아지도 엄청이뻐하시는거같더라구여.애견운동장도 애들뛰어놀기에 되게좋았구요 청소상태안좋다고 되있던데 경쟁업체들이신가 애견펜션이 이렇게 개냄새도안나고 깨끗할수가있나 했어요ㅋㅋㅋ경포대도 차로 오분이면가고 너무좋았습니다!', '안녕하세요? 편안히 즐겁게 계시다 가셨다니 제가 더 흐뭇합니다. 애견인들이 쾌적하게 편안히 다녀가실수 있도록 앞으로도 더욱 신경쓸께요. 감사합니다.', '5명이 퇴근후에 방문해서.저녁 11시반에 체크인 했는데 .친절하게 체크인 도와주시고,.신경 많이 써주신거같았습니다..경포대 접근성이 좋구요ㅎㅎ..덕분에 5명이 즐거운 시간 보냈습니다더보기', '장시간을 달려 펜션에 도착했는데 남자친구와 둘다 입을 다물지못했어요 우선 저희를 웃으면서 반겨주시는 사장님~ 안내도 너무 친절하게 잘해주시고 편하게 대해주셨어요 내부를 보는순간 우와..🤩 너무 깔끔하고 집처럼 포근한느낌 이여서 또한번 놀라고 바베큐도 개인별로 이용할수있어서 너무너무 편하고 좋았어요 1박을 머물고 돌아가는데 아쉬움뿐이였어요 다음에 또 놀러오면 또 다시 머물고 갈꺼에요 감사합니당😆', '만족스러웠어요~!', '좋았던곳.하지만 강아지랑 함께 뛰놀수 있을거라고 생각했는데...그러기엔 좁고 작은 잔디', '매우 만족한 여행이였습니다..숯불만 조금더 주셨으면 좋겠어요', '시설도 너무좋고 깔끔했어요 사장님도 친절하시구 강아지도 무서워하지않구 이뻐해주셔서 도착하자마자 기분좋았네여 ㅎㅎ', '소중한 후기 감사드려요 기분좋게 지내다 가셔서 제가 더 흐뭇합니다. 또 놀러 오세요.', '전반적으로 다 괜찮어씀', '좋았습니다~', '늦은시간 체크인도 잘 받아주시구 숙소 바로앞에 공용 잔디밭이 작아도 웰시코기인 우리 강아지가 놀기에도 실외배변하기에도 좋았습니당', '완전 좋았어여~', '너무 편하게 잘 쉬 었다 갑니다 근데 수건이 하나여서 좀 그랬어요 그리고 방에 거미줄 있구요 그이외에는 괜찬았습니다', '잘이용했습니다', '주인 아주머니께서 굉장히 친절하십니다!! 하지만 2박은 하지 마세요..', '그냥 저냥 하루 잘만했습니다 다만 한것도 없는데 1층에서 조금만 조심히걸어달라고 올라오셨어요 방음이 취약한듯 해요', '사장님 친절하시고 방도 넓고 좋았어요!!.다만 역시 반려견들과 함께 이용하는 곳이라 그런지 ㅜ 반려견들 마킹 냄새가 스믈스믈 올라오더라구요 ㅜ .마킹한 냄새만 빼면 정말 만족했던 곳!', '넘 편하게 좋은 추억 만들고  갑니다~~^^.재방문 의사 100%입니다!', '강릉가서 항상가는곳입니다 . 항상 깔끔하게 방이 좋았는데.이번엔 좀 . ㅜㅜ.', '그냥 잠만 자고 나올정도입니다', '사장님 너무 친절하시고! 룸도 정말 깨끗했어요!']"
3,4.5,"['깔끔했어요.', '깔끔하고 좋아요', '주문진 버스터미널과 인접해 있어서 찾기 쉬웠어요..전반적인 청결도 괜찮았고 오션뷰는 우리가 생각하는 가까운 오션이 아닌... 멀리 있는 뷰 입니다 ㅎㅎ 참고하시고 선택하세요!', '가성비 좋고 리뷰 이벤트 1시 체크아웃도 넘 좋아요~~ 잘 있다 갑니당', '뷰는 기본으로 선택 했는데 밖에 바다도 잘 보여서 좋았어요~ 직원분들도 친절하게 설명 잘해주시고 오랜만에 주문진쪽으로 여행 왔는데 편하게 여행 하다 갑니다! 다음에 또 올게요~!', '수산시장도 가깝고 좋아요. 단점은 침대...옆사람이 조금만 뒤척여도 침대 전체가 심하게 흔들려서 예민하신분들은 절대 못자요ㅠㅠ..침대 교체가 심히 필요합니다...', '아주 깔끔하고 좋습니다', '깔끔하고 편안했어요~ 시티뷰도 시야가 뚫려있어서 꽤 좋습니다. 잘 쉬었고 다음에 또 올께용~', '오션뷰 방을잡앗는데.우선진정한 뷰맛집.그리고 직원들이너무친절해서좋았구.호텔조식은 잘안먹는데 꼭드셔보세요.추천드립니다!.잘쉬다가요~더보기', '객실상태 너무너무 만족합니다~ 강릉여행하게되면 또올게요!', '깔끔하네요', '좋아요.생각보다컨디선은 좋은데....수압이약해요...', '주변에 해변, 수산시장이랑 가깝고 객실이 깔끔해서 좋았습니다', '시설도 좋구 다음에 오면 또 방문 할 거 같아요!', '급하게 잡은건데 친절하게 말씀해 주시고 늦게 체크인 햇는데도 프론트에 계셔서 놀다들어왓는데도 편히 체크인 햇어요 !! 숙소도 너무 깔끔하고 이것저것 다 잇어서 편하게 쉬다가요 다음강릉올때도 방문할게오 ~', '물컵이 너무 냄새가 심햇어요‥헤어빚이 없엇어요ㆍ바닥이조금슬리퍼안신으면 발바닥이 조금지저분해졋어요', '깔끔하고 시설이 좋았습니다. 불편사항에 대한 대처도 빠릅니다.', '스위트룸이용 후기 .일단 사진과 같이먹다 남은 생수가 냉장고에 떡하니.욕실 이용후 물을 빼니 침실로 물이 나오고.객실 첨들어가자마자 소독약 냄새로 죽다살아남.이외 수영장 다 돈내고 들어가야함 ㅡㅡ.돈아까워 죽겠음...더보기', '좋았습니다!', '숙소 내부가 깨끗한 편이에요~']"
4,4.6,"['무인이라 약간 불편하지만 깨끗하고 가격대비 괜찮은거같아용 와인 맛있어여', '스타일러가 있어서 너무 좋았아요!.객실도 깨끗하고 새거 느낌이 납니다.이불도 뽀송해요', '해운대바닷가 근처라 위치도좋고 잘보이는곳에있고 깨끗하고 스타일러도있어 좋네요.후기가좋운데는 이유가있어요', '만족해요!', '뷰도 좋고 위치도 좋아요.다만, 수건마다 먼지인지 닦을때마다 가루같은데 떨어지고, 따뜻한 물 조절이 잘 안되네요.갑자기 뜨거웠졌다 차가워졌다 그래요', '깨끗하고 너무 좋았어요ㅎㅎㅎ.다시 오고싶은 숙소예요', '깨끗하고 좋았어요', '잘못 예약하고  확인후 5분만에  취소 요청 했는데 무조건 안된다고 하고 30분1시간 이면 이해 하는데  5분만에 안된다는거는 해도 너무  합니다 얼마나 큰돈 벌이 할려고 하는지 모르겠지만 잘먹고 잘사세요', '좋은룸 컨디션, 고층의 멋진뷰, 깨끗한 샤워실 그리고 미니세탁기, 거기에 가장 중요한 해변 접근성 이 모든것들때문에  기억에 남는 부산여행이 되었네요~담에도 한번 더 이용해 볼렵니닷~~!!!', '뷰 너무 예뻐요 정말!무인이라 조금 불편했던건 사실ㅜ_ㅜ.밖에 욕조에서 사진찍으면 인생샷 걱정 없습니당ㅎㅎㅎ.또 갈 의향있어요:-)', '오션뷰가 보이는 곳에 욕조까지 있어서 정말 좋았습니다! 어메니티에 면도기가 있는 점은 좋았지만 샤워타올이 없어서 개인적으로 조금 불편했고 온수 밸브를 가만히 둬도 찬물 뜨거운물이 번갈아 나오는게 많이 불편했습니다 이외에는 넓고 매우 만족스러운 호텔이었습니다', '깨끗하고 접근성도 좋아요!애견동반이.가능해서 오게되었는데 잘 온거 같아요!!근데 만원할인받아서 주차비가 만원 나왔어요!!참고하세용:)', '깔끔하고 좋아요!', '뷰 이쁘고 실내도 이뻤습니다', '강아지 동반호텔이 몇 없는데 가능해서 좋았고 자체 레스토랑 음식이 맛있었어요!! 그리고 저희 강아지가 무서워하긴 했지만 복도에 털말리는 기계가 있어서 신기했네요 방이 조금 좁은 것 말고는 스타일러까지 구비되어있는게 좋았어요 주차요원 아저씨도 너무 친절하시네요', '깨끗한 곳이네요', '강아지 물품들이 다 준비되어 있어서 넘 편했어요', '위치도 좋고 깨끗하고 좋아요~', '주차친절은 불친절하네요.내부시설은좋았어요', '완전 좋았습니다!!! 넘 편리하고 청결상태 나쁘지 않고, 위치도 너무 좋고 모든것이 완벽했어요!!!! 단하나라도 단점을 찾으라면 엘리베이터? ㅋㅋㅋㅋ 세 대나 있지만 방이 많아서 그런가 대체로 빠르게 잡기가 힘들고, 체크아웃할때 정말 헬 ㅠㅠ 일부러 올라갔다 내려왔슴다 ㅋㅋ 그마저도 힘들뻔 ㅎㅎㅎㅎㅎ 하지만 부산갈때면 무조건 여기로 갈거에요!! 넘 좋은 경험 감사합니다 ㅎㅎ 방 사진이 없어서 지송 ㅠ 뷰는 앞에 건물이 있어서 완전한 오션뷰는 없다고 생각하셔야해요! 건물 사이로 보이는 파도뷰도 괜찮습니다 ㅎㅎ']"
5,4.6,"['시흥 놀러오면 항상 이용해요 좋아요', '안녕하세요 스치듯낙엽소리0009님..저희 호텔야자 시흥정왕점을 이용해주셔서 진심으로 감사드립니다...앞으로 더 좋은 서비스로 보답하겠습니다(__*)..고객님 집만큼은 아니더라도 고객님이 편히 쉴수있게..항상 노력하며 언제나 친절하게 편안히 모실수 있도록 최선을 다하겠습니다...다음에 찾아 주실 때 더욱 더 만족하실 서비스로 보답해드리는 호텔야자 시흥정왕점이 되겠습니다.더보기', '시설이 너무 좋아요', '안녕하세요나들이흔들다0014님..저희 호텔야자 시흥정왕점을 이용해주셔서 진심으로 감사드립니다...앞으로 더 좋은 서비스로 보답하겠습니다(__*)..고객님 집만큼은 아니더라도 고객님이 편히 쉴수있게..항상 노력하며 언제나 친절하게 편안히 모실수 있도록 최선을 다하겠습니다...다음에 찾아 주실 때 더욱 더 만족하실 서비스로 보답해드리는 호텔야자 시흥정왕점이 되겠습니다.더보기', '깨끗해요~', '안녕하세요 오호라아06 님..저희 호텔야자 시흥정왕점을 이용해주셔서 진심으로 감사드립니다...앞으로 더 좋은 서비스로 보답하겠습니다(__*)..고객님 집만큼은 아니더라도 고객님이 편히 쉴수있게..항상 노력하며 언제나 친절하게 편안히 모실수 있도록 최선을 다하겠습니다...다음에 찾아 주실 때 더욱 더 만족하실 서비스로 보답해드리는 호텔야자 시흥정왕점이 되겠습니다.더보기', '깔끔하고 조용하고 최고입니다', '아주좋았음', '안녕하십니까?둥실둥실꽃그늘0044 고객님!!.저희 호텔야자 시흥 정왕점을 이용해주셔서 진심으로 감사드립니다..후기 남겨주셔서 감사드립니다..다음에 방문 해 주셨을 때에는 더 큰 만족 느끼실 수 있도록.더욱 노력하는 호텔야자 시흥 정왕점이 되겠습니다 !.감사합니다. 오늘도 즐거운 하루 보내세요^^더보기', '가격과 실내 디자인 깨끗함 만족입니다...', '안녕하십니까? 살금살금돌단풍 0021고객님!!.저희 호텔야자 시흥 정왕점을 이용해주셔서 진심으로 감사드립니다..후기 남겨주셔서 감사드립니다..다음에 방문 해 주셨을 때에는 더 큰 만족 느끼실 수 있도록.더욱 노력하는 호텔야자 시흥 정왕점이 되겠습니다 !.감사합니다. 오늘도 즐거운 하루 보내세요^^더보기', '좋은숙소입니다', '안녕하십니까? 씐나는휘파람0038고객님!!.저희 호텔야자 시흥 정왕점을 이용해주셔서 진심으로 감사드립니다..후기 남겨주셔서 감사드립니다..다음에 방문 해 주셨을 때에는 더 큰 만족 느끼실 수 있도록.더욱 노력하는 호텔야자 시흥 정왕점이 되겠습니다 !.감사합니다. 오늘도 즐거운 하루 보내세요^^더보기', '좋아요~~', '안녕하십니까?바티칸돌담길02 고객님!!.저희 호텔야자 시흥 정왕점을 이용해주셔서 진심으로 감사드립니다..후기 남겨주셔서 감사드립니다..다음에 방문 해 주셨을 때에는 더 큰 만족 느끼실 수 있도록.더욱 노력하는 호텔야자 시흥 정왕점이 되겠습니다 !.감사합니다. 오늘도 즐거운 하루 보내세요^^더보기', '편하게 쉬다왓어요.깔금하고 좋아요', '안녕하십니까? 반짝반짝사자0047 고객님!!.저희 호텔야자 시흥 정왕점을 이용해주셔서 진심으로 감사드립니다..후기 남겨주셔서 감사드립니다..다음에 방문 해 주셨을 때에는 더 큰 만족 느끼실 수 있도록.더욱 노력하는 호텔야자 시흥 정왕점이 되겠습니다 !.감사합니다. 오늘도 즐거운 하루 보내세요^^더보기', '별기대없이 아무래도 호텔인데 반려동물을위해 이정도까지 청결할거라고는 생각못했는데 엄청 깔끔했고.로비에계신분도 친절하셨고 로비에구비된 무료 물건들도많아 기분이좋았어요.화장실상태 청결하고 침실도 깨끗했어요.다음에 반려견과 다시 오이도를간다면 재방문의사 있습니다 야자 굿', '안녕하십니까? 좋은곳단골전문 고객님!!.저희 호텔야자 시흥 정왕점을 이용해주셔서 진심으로 감사드립니다..후기 남겨주셔서 감사드립니다..다음에 방문 해 주셨을 때에는 더 큰 만족 느끼실 수 있도록.더욱 노력하는 호텔야자 시흥 정왕점이 되겠습니다 !.감사합니다. 오늘도 즐거운 하루 보내세요^^더보기', '너무조아용', '안녕하십니까? 끼아아앙 고객님!!.저희 호텔야자 시흥 정왕점을 이용해주셔서 진심으로 감사드립니다..후기 남겨주셔서 감사드립니다..다음에 방문 해 주셨을 때에는 더 큰 만족 느끼실 수 있도록.더욱 노력하는 호텔야자 시흥 정왕점이 되겠습니다 !.감사합니다. 오늘도 즐거운 하루 보내세요^^더보기', '쾌적하고 좋아요 :)', '안녕하십니까? 춤을주는짹짹이0009고객님!!.저희 호텔야자 시흥 정왕점을 이용해주셔서 진심으로 감사드립니다..후기 남겨주셔서 감사드립니다..다음에 방문 해 주셨을 때에는 더 큰 만족 느끼실 수 있도록.더욱 노력하는 호텔야자 시흥 정왕점이 되겠습니다 !.감사합니다. 오늘도 즐거운 하루 보내세요^^더보기', '쾌적하고 좋습니다 :)', '안녕하십니까? 춤을주는짹짹이0009고객님!!.저희 호텔야자 시흥 정왕점을 이용해주셔서 진심으로 감사드립니다..후기 남겨주셔서 감사드립니다..다음에 방문 해 주셨을 때에는 더 큰 만족 느끼실 수 있도록.더욱 노력하는 호텔야자 시흥 정왕점이 되겠습니다 !.감사합니다. 오늘도 즐거운 하루 보내세요^^더보기', '쉬고가기 좋고 서비스가좋아요 :)', '안녕하십니까? white34 고객님!!.저희 호텔야자 시흥 정왕점을 이용해주셔서 진심으로 감사드립니다..후기 남겨주셔서 감사드립니다..다음에 방문 해 주셨을 때에는 더 큰 만족 느끼실 수 있도록.더욱 노력하는 호텔야자 시흥 정왕점이 되겠습니다 !.감사합니다. 오늘도 즐거운 하루 보내세요^^더보기', '좋아용 ㅎㅎ', '안녕하십니까? 안녕키티 고객님!!.저희 호텔야자 시흥 정왕점을 이용해주셔서 진심으로 감사드립니다..후기 남겨주셔서 감사드립니다..다음에 방문 해 주셨을 때에는 더 큰 만족 느끼실 수 있도록.더욱 노력하는 호텔야자 시흥 정왕점이 되겠습니다 !.감사합니다. 오늘도 즐거운 하루 보내세요^^더보기', '급하게 예약했었는데.잘쉬다가왔습니다', '안녕하십니까? 새싹지구뿌셔0018 고객님!!.저희 호텔야자 시흥 정왕점을 이용해주셔서 진심으로 감사드립니다..후기 남겨주셔서 감사드립니다..다음에 방문 해 주셨을 때에는 더 큰 만족 느끼실 수 있도록.더욱 노력하는 호텔야자 시흥 정왕점이 되겠습니다 !.감사합니다. 오늘도 즐거운 하루 보내세요^^더보기', '좋았습니다', '안녕하십니까? 태바앙 고객님!!.저희 호텔야자 시흥 정왕점을 이용해주셔서 진심으로 감사드립니다..후기 남겨주셔서 감사드립니다..다음에 방문 해 주셨을 때에는 더 큰 만족 느끼실 수 있도록.더욱 노력하는 호텔야자 시흥 정왕점이 되겠습니다 !.감사합니다. 오늘도 즐거운 하루 보내세요^^더보기', '청소 상태가 별로이며 사진과 객실이 너무 다르게 느껴집니다...', '안녕하십니까?데굴데굴달빛0035고객님!!.저희 호텔야자 시흥 정왕점을 이용해주셔서 진심으로 감사드립니다..후기 남겨주셔서 감사드립니다..다음에 방문 해 주셨을 때에는 더 큰 만족 느끼실 수 있도록.더욱 노력하는 호텔야자 시흥 정왕점이 되겠습니다 !.감사합니다. 오늘도 즐거운 하루 보내세요^^더보기', '자주가는 곳이에요~', '안녕하십니까?고요한느낌0049 고객님!!.저희 호텔야자 시흥 정왕점을 이용해주셔서 진심으로 감사드립니다..후기 남겨주셔서 감사드립니다..다음에 방문 해 주셨을 때에는 더 큰 만족 느끼실 수 있도록.더욱 노력하는 호텔야자 시흥 정왕점이 되겠습니다 !.감사합니다. 오늘도 즐거운 하루 보내세요^^더보기', '좋았어요~~ 시흥오면 매번갑니다', '안녕하십니까?음히하헤 고객님!!.저희 호텔야자 시흥 정왕점을 이용해주셔서 진심으로 감사드립니다..후기 남겨주셔서 감사드립니다..다음에 방문 해 주셨을 때에는 더 큰 만족 느끼실 수 있도록.더욱 노력하는 호텔야자 시흥 정왕점이 되겠습니다 !.감사합니다. 오늘도 즐거운 하루 보내세요^^더보기']"
6,4.5,"['뷰도 좋고 객실도 청결했습니다 !~', '부분 오션객실 이용, 전망도 경포호, 강문해변 모두 보여서 좋았음.', '넘 좋았어요', '컨디션도좋고 시설도좋아요', '그냥그래요', '위치라든지 뷰는 진짜 괜찮았어요..단지 객실안에 실내화가 없고 물품이 거의 없다는게 좀 아쉬웠고 조식을 이틀 먹어봤는데 날마다 종류가 다양했으면 좋겠습니다.', '바다앞이라 위치도 좋고 객실도 침구 깔끔하고 온도도 좋았어요! 평일에가도 체크인 할때 사람들 대기하고 있더라구요 체크인때 시간 걸리는거만 빼면 만족합니다', '너무 좋았습니다', 'so good.', '깨끗하고 놀기 좋아요', '세인트존스 최고 !', '또 오고 싶어요', '뷰가 좋고 부대 시설이 좋아요,.엘베랑 체크인이 좀 오래걸려요', '너무잘쉬다가갑니다 좋아요', '너무 조아요', '어매니티가없어서 불편 위치는최고 하지만 호텔관리가 벌써노후가많이됬네요...', '좋아요~~', '위치가 좋고 오션뷰도 괜찮아요. 그러나 체크인이 너무 힘들고 슬리퍼 없는 건 좀 그래요. 일회용 거부면 팔지도 말아야하는데 자판기 놓고 팔고 있고 슬리퍼는 일회용 아닌 것도 놓을 수 있는데 놓지 않네요. 결국 먼길 온 손님이 슬리퍼를 바리바리 싼다는 것 자체가 말 안돈다고 과요. 돈 버신 것에 비해 투자를 안하네요.', '청결하진 않았지만 방음은 좋았어요', '오션뷰 너무 좋아요~.또 가고싶어요~~']"
7,4.6,"['원래 리뷰 안 쓰는데 여긴 진짜 최고라 남겨봐요ㅎㅎ.경주에서 첫 애견동반 펜션인데 진짜 넘넘 좋았어요!..💙 침구류가 너무 깨끗했어요 강아지랑 같이 올 수있는곳이라 걱정했는데 털이 하나도 없었어요..💙 수건도 여러개 있어서 좋았어요 정말 여유있게 사용하고도 남더라구요ㅎㅎ ..💙 2명이 지내기에 방도 적당하게 넓고 좋았어요! 안에서 먹을 수 있게 식탁도 있고 티비도 있고 사진만큼 넓어요!.무엇보다 방음 최고!! .살짝 아쉬운게 있다면 식탁 바로 앞에 티비가 있어서 티비보면서 밥 먹으니 눈이 좀 아프다는거...ㅎㅎ..💙 강아지 놀이터가 따로 있어서 너무 좋았어요!!.인조잔디가 깔려있어서 놀기에 좋았어용ㅎㅎ .다만 안이 좀 덥더라구여ㅠㅠ..💙 주변에 산책하기도 좋았어요! 밤에는 너무 어두컴컴해서 안보였어여... 풀어져있는 강아지 한두마리씩 돌아다니는데 그것만 조심하면 산책하기도 최고👍..💙 사장님과 사모님이 넘넘 친절했어요👍.모르고 유리잔을 깨서 넘 죄송했는데ㅜ 오히려 다친데는 없냐고 괜찮다고 감사하다고 그러시더라구요ㅠㅠ ..저는 뚜벅이로 가서 숙소랑 관광지들이 멀었는데 차로 온다면 다 가깝게 갈 수 있을거같아용!.담에 또 경주오면 여기로 다시 올 거같아요ㅎㅎ.사장님 강아지랑 저의 강아지랑 너무 잘놀아서 덕분에 행복하게 뛰뛰했어요ㅎㅎ.머물면서 불편한거 하나없이 다 최고👍 강력추천👍더보기', '경주에서 첫 팬션 여행이였고 사진보고 예약했는데 정말 만족스러웠습니다!!! 꼭 추천해드리고 싶어요! 이유를 말하자면,..⭐️침구류가 깨끗해요. 사장님이 말씀하시길 매번 사용후에 세탁소에 맡긴다고 하십니다. 강아지와 같이 올 수 있는곳이라 걱정했는데 털도 하나도 없었어요..⭐️방이 적당히 넓었습니다. 안에 식탁도 있고 티비도 있고 사진만큼 넓어요. 또, 특히 >>방음<< 최고입니다!..⭐️사장님과 사모님이 친절하십니다. 저희가 퇴실 하는데 어떠셨냐며, 냄새는 안났는지, 옆방이 시끄럽진 않았는지 여쭤보셨어요...⭐️저희는 강아지와 같이 살지 않는데 강아지와 같이오기 좋을 것 같아요. 곧 놀이터도 생긴다고 하셨습니다!..산책 하기도 좋아요! 고양이가 있는데 세상 귀여워요..ㅠㅠ 또 펜션사장님 강아지인 콩이가 비숑인데 너무 귀여워요.. 다음에 경주에 가게 되면 꼭 다시 가려구 합니다❤️더보기', '무례할수있는 청결부탁요청도 흔쾌히 들어주시고 .맥주나 생수등도 판매하고있어요 가격도 비싸지않고 좋아요..사진으로 보이는것보다 방이크지도 작지도않고 두명이 머물기적당했고 집기들도 바꾼지 얼마되지않은듯하고 특히나 그릴이 깨끗해서 너무좋았어요.특히나 수건이 정말 넉넉히 많이 있어서 너무좋았어요,.대게 2개나4개정돈라 집에서 챙겨갔는데 여유있게 사용하고도 수건이 남았어요^^.또 살짝 산책하기 좋은 작은 저수지도있어요.머무는동안 불편한거 없었지만 딱 하나....밤에 더워서 말라죽는줄 알았어요...중앙난방인지 온도조절하는게 객실에 없었어요.작은 써큘레이터가 절 살렸네요.겨울에 난방은 확실히 보장되겠어요.퇴실준비하는데 바닥이 너무뜨거워서 베란다문열고 준비했어요^^.빨래해놨으면 아주 바삭바삭 말랐을듯해요.너무 시간도 늦고 주인분들도 나가계셔서 연락을 못드렸어요ㅎ.전체적으로 아주 만족스럽게 머물다갑니다.경주는 숙소가 워낙많아서 대게 재방문생각은 안하는데 재방문하고싶고 반려인들께 추천도 드리고싶네요더보기', '긴후기글..♡ 너무 너무 감사드려요~♡.~에구..늦은시간이라도 온도조절 해드릴수있는데ㅜㅜ 날씨가 아직은 추워서 난방을 신경쓴다는게 너무 더우셨나보네요ㅜㅜ 담엔 더욱 세심하게 신경쓸께용~~^^^^', '깨끗하고 아늑하고 너무 좋았어요 다음에 또 오고싶어요!', '후기보니까 다들 남사장님 친절하시다 하시던데 저희갔을때는 여사장님 되게 친절하셨어요 남사장님은 개가 많아서 그런지 표정이 그렇게 좋아보이시진 않았어요 추가결제까지 다하고 간 여행인데 조금 그랬네요 그리고 현장결제할때 야놀자 문의했을때랑 가격차이가 있네요?105호 4-5인방 예약했는데 2-3인용 방인듯 되게 좁았고 복층이지만 틈 사이가 넓어서 애들 떨어질까봐 조마조마 했네요 2층 테라스도 분위기는 좋은데 여기마저도 울타리 틈이 넓었고 마당도 펜슬이나 울타리같은게 아예 없어서 아쉬웠어요ㅠ', '관광지랑 거리도 가깝고 친절하시구 좋았어요.날씨만 좋으면 최고였을텐데 아쉬워용', '잘쉬고갑니다. 룸컨디션은 너무좋았습니다 .다만 아쉬운점은 객실별로 개별로 펜스든 분리가되어있으면좋겠습니다. 옆집강아지가 계속 달려들고 우리룸으로와서 힘들었네요ㅠㅠ', '샤워기 위치가 너무 높고 물 온도가 조절하기가힘든거빼고는 좋았어요', '고객님 안녕하세요~.즐거운 여행 되셨을까요?.고객님의 여행에 편안한 쉼터가 되셨길 바랍니다~.앞으로도 변치 않고 고객님들께 만족감을 드리는 펜션이 되도록 하겠습니다!.감사합니다:)더보기', '사장님이친절하시고좋아요 무엇보다 바베큐숯이 이렇게좋고 오래가는곳은첨봣어여 일곱시에시작햇는데 열한시까지 숯불이안꺼짐 대박', '안녕하세요 고객님~.항상 친절함을 우선으로 생각하며 운영하고 있는데, 이 부분을 알아봐주셔서 너무 감사드립니다~.여기에 만족하지 않고 앞으로 더 나은 서비스 제공에 신경쓰도록 노력하겠습니다!.감사합니다:)', '깔끔하구조아용', '안녕하세요 고객님!.편안한 여행 되셨을까요?.깔끔하고 좋았다는 평가만큼 기분 좋은 후기도 없네요^^.항상 변치 않는 모습으로 고객님들께 좋은 숙소 제공에 힘쓰겠습니다!.감사합니다:)더보기', '깨끗한거 모르겠고 여자 사장님이 친절하진않으셔요.. 그래도 남자 사장님은 친절하시고 편하게 대해주셔서 재밌게 놀다왔습니다', '안녕하세요 고객님.먼저 저희 펜션을 이용해주셔서 감사하다는 말씀드립니다..세세하게 챙기지 못한 부분으로 불편함을 드린 것 같습니다..해당 부분은 유념하여 좀 더 신경쓰도록 하겠습니다..이용하시면서 불편하셨던 부분은 사과의 말씀드리며, 소중한 후기 감사드립니다.더보기', '애견펜션이고 후기도 좋길래 기대 많이 하고갔는데 그냥 일반펜션에 강아지 동반 느낌이네요..애견을 위한 시설 조그마한 놀이터? 그마저도 너무 더워서 애기들이 뛰어놀지도 못함..펜션 내부도 너무 좁고.. 침대는 왜케 높은지 침대 높으면 강아지 계단이라도 있던지...참 기대많이하고 오랜만에 놀러간건데 쫌 실망이 컸네요 식기도 깨끗하지 못하고..후라이팬쓰는데 검은가루 계속 나오고..후.. 대충저녁먹고 아침8시에 일어나서 나갔네요.더보기', '안녕하세요 고객님~.먼저 저희 펜션을 이용해주셔서 감사하다는 말씀 먼저 드립니다..항상 고객님께 100%만족감을 드리고 싶은 마음은 앞서나, 그러지 못함에 따라 아쉬움이 먼저 따릅니다..고객님들 한분 한분 얘기를 귀담아 들어 최대의 서비스가 제공될 수 있도록 더욱 노력하겠습니다..감사합니다.더보기', '잘쉬다갑니다', '안녕하세요 고객님!.저희 펜션을 방문해주시고 잘 쉬고 가신 것 같아 저희가 오히려 너무 감사드립니다!.앞으로도 만족할 수 있도록 더욱 더 노력하겠습니다!.감사합니다 :)', '친절하고 좋아요 ㅎㅎㅎ', '안녕하세요 고객님~.항상 친절함을 우선으로 생각하며 운영하고 있는데, 이 부분을 알아봐주셔서 너무 감사드립니다~.여기에 만족하지 않고 앞으로 더 나은 서비스 제공에 신경쓰도록 노력하겠습니다!.감사합니다:)', '강아지를 데리고 갈수있어서 한번가봤는데. 실내놀이터도 작고..공간이 협소한편이었습니다. 1층이었는데 2층에서 너무시끄럽게해서 잠을못잤습니다.. 보문단지입구라 여러곳을다니기  위치는괜찮았지만 .수영장도 안되었던시기인데 가격이 비싼편이었던거같네요.  그냥 잘쉬다왔습니다..애견전요펜션이면  방에도 애견용품이나.울타리를 쳐주는것도 좋을것같고. 좀더 보완하면좋을것같네요더보기', '안녕하세요! 고객님~.우선 저희 펜션을 이용해주셔서 감사의 말씀 드립니다!.항상 쾌적한 환경을 제공하기 위해 노력하고 있습니다!.말씀 주신 부분 참고하여 보완하도록 하겠습니다~.조금은 부족하더라도 고객님들을 위해 좋은 서비스 제공을 할 수 있도록 더욱 신경쓰겠습니다~.다시 한 번 이용해주셔서 감사하다는 말씀드립니다! :)더보기', '깔끔하고 좋았어요 !!', '안녕하세요 고객님!.편안한 여행 되셨을까요?.깔끔하고 좋았다는 평가만큼 기분 좋은 후기도 없네요^^.항상 변치 않는 모습으로 고객님들께 좋은 숙소 제공에 힘쓰겠습니다!.감사합니다:)더보기', '강아지동반해서 다녀와서 좋았어요', '안녕하세요! 고객님~.우선 저희 펜션을 이용해주셔서 감사의 말씀 드립니다!.항상 쾌적한 환경을 제공하기 위해 노력하고 있습니다!.조금은 부족하더라도 고객님들을 위해 좋은 서비스 제공을 할 수 있도록 더욱 신경쓰겠습니다~.다시 한 번 이용해주셔서 감사하다는 말씀드립니다! :)더보기', '강아지와 함께하는 여행이라 선택한 숙소예요~.잘 쉬고가요~~^-^', '안녕하세요 고객님!.저희 펜션을 방문해주시고 잘 쉬고 가신 것 같아 저희가 오히려 너무 감사드립니다!.앞으로도 만족할 수 있도록 더욱 더 노력하겠습니다!.감사합니다 :)', '깔끔하고 수압쎄도 좋음', '안녕하세요 고객님!.편안한 여행 되셨을까요?.깔끔하고 좋았다는 평가만큼 기분 좋은 후기도 없네요^^.항상 변치 않는 모습으로 고객님들께 좋은 숙소 제공에 힘쓰겠습니다!.감사합니다:)더보기', '첫째강아지 생파하려고 갔었는데...모든게 완벽했어요!! 후기에 수압낮다고 해서 걱정했는데..왠일! 수압이엄청쌔던데...샤워하고 양치할때까지 따뜻한물 나와서 조았어요😁 남친 핸드폰 잃어버려서 사장님&관리자분들..너무 죄송하고 감사했어요😍.그이유가 아니였어도 다시 재방문할려고했었는데...꼭 다시 갈께요😎', '고객님 안녕하세요~.즐거운 여행 되셨을까요?.고객님의 여행에 편안한 쉼터가 되셨길 바랍니다~.친절함을 무기로 항상 고객 응대에 신경 쓰고 있는데 이 점 알아주셔서 너무나 뿌듯합니다^^.고객님이 남겨주신 소중한 후기와 예쁜 사진이 다른 고객님들에게 저희 펜션을 선택할 수 있는 도움이 되리라 생각이 드네요~!.앞으로도 변치 않고 고객님들께 만족감을 드리는 펜션이 되도록 하겠습니다!.감사합니다:)더보기']"
8,4.6,"['펜션 사장님도  친절하시고  시설도 좋아요', '좋은 시설인데 관리가 아쉬웠어요. 청결도는 조금더 신경써 주시면 좋겠어요.', '사장님도 친절하시고 객실마다 개별 마당도 있고 경치도 좋고 아늑하고 여러모로 만족스러웠습니다:)', '만족도 ⭐️⭐️⭐️⭐️⭐️.시설만 보고 제일 맘에 드는곳을 선정했는데.가격이 너무 착하더라구요❤️.수영장, 바베큐, 마당과 운동장까지.없는게 없어요!!! 😃..서비스 ⭐️⭐️⭐️⭐️⭐️.항상 친절한 관리인분들과 .상주견 이쁜이가 있어서.몰라서 헤맬 일도 없고.필요한거 바로바로 챙겨주십니다!.그렇다고 간섭같은거 하나도 없습니다..유도리있게 편의를 정말 많이 봐주십니다!..펜션에 생각보다 구비된것이 많아요...개집+물그릇 밥그릇+배변패드+배변봉투 등.그리고 각종 조리도구와 그릇집기류 수건도 넉넉!..귀찮더라도 펜션에 먼저 도착하여.구비되어있는 것들을 살펴보시고.필요한거만 사오시는거 추천드려요!^^.펜션에서도 라면이나 커피 밥 등 많이 판매하고 계십니다...시설⭐️⭐️⭐️⭐️⭐️.수영장이 너무 좋던데 .지하수로 물이 계속 회전되어서 깨끗해요!.심지어 이쁨.😍..개인마당+넓은 공용운동장이 연결되어잇어 .바베큐 하는동안 애들도 잘 놀았어요~..모든곳에 꼼꼼하게 휀스설치 되어있음!.어딜가도 위험요소가 없어요...울집 누렁이들에겐 최고의 공간이었어요❤️더보기', '일단 잔디밭이 엄~~청 넓게 되어 있어서 정말 실컷 뛰어놀기 좋았어요 사장님 너무 친절하시고 재밌어요ㅋㅋㅋㅋㅋ말티2방 묵었는데 애견동반 여러군데 다녀봤지만 냄새 안나는 곳은 정말 처음이었어요!!숙소 바로앞에 작게 마당있고 휀스도 쳐져있어서 바베큐 하면서 애들은 넓은 잔디밭이랑 왔다갔다도 하고 좋았어요!!수영장도 사람 수영장 강아지 수영장 분리되어있고ㅠㅠ이래저래 너무너무 만족하고 재방문의사 백프로입니다!!!❤️', '사장님 너무 친절하시고 좋았어요', '잘놀다 갑니다 좋았어요', '사장님과 직원분들은 정말 친절하게 대해 주셨어요~.아가들도 잘  놀고했는데 2층은 따듯했는데 1층이 너무 추웠어요ㅠ 좀 따듯할때가면 완전 좋을듯해요^^;', '나갈때 픽업도 태워주시고 관리자 분들이 친절하셨습니다. 강아지 데리고 다음에 또 방문할 의향있습니다.', 'ㅅ. ㅅ ㅅ ㅅ ㅅ', '난방조절기 만지지 마세요.방들어갔는데 너무 추워서 60으로 돼있는거.좀 높였더니 꺼지더라구요...아마 더 올리면 꺼지게끔 해논듯.뜨뜻할정도로 예열되기 까지 6시간정도 걸린거같아요ㅠㅠ그래서 전기난로빌림. 그리고 바닥이 끈적끈적했어요ㅜㅜ.예전에 푸들방에서 묵었을땐 괜찮았는데 말티2는 바닥이 끈적해요...ㅜㅜ물티슈로 다 닦았는데도 끈적했음.또 설거지할때 싱크대 물...온수냉수 반대예용. 이런것좀 사전에 말씀 주셨으면 좋을텐데 ...정말 강아지들 생각해서 오는거같아요ㅠㅠㅠ더보기', '위치도 좋고 강아지랑 여행하기 좋았어요', '굿굿 아주 만족하고 갑니다 깔끔하고 편안했어요', '수영장에 잔디밭이 너무 좋고 경치가 너무 좋았습니다! 다만 아쉬웠던건 방안과 바베큐이용부분이 생각보다 오래된느낌에 막 깔끔하진 않아서 좀 아쉬웠습니다. 그래도 강아지 노는거만 생각하면 정말 괜찮은 시설같아서 좋았습니다!', '장단점이 있움.일단 단점부터.올라가는 길이 가파릅니다.초보운전인 분은 비추비추..그리고 제일 짜증났던건 따듯한물은 진짜 무슨 산속에서 내려오는 샛물처럼 졸졸나옴.뜨거운물은 아예 안나옴.겨울에 오시는분들은 오지마세요.저희 동만 그런줄 알았는데 다른동에 묵었던 지인이 말씀해주길 마찬가지네요..그리고 사람검사 해줬으면 좋겠어요. 푸들에 묵었는데 옆호에 들어온 가족들 6명이였어요. 최대인원은 4명이였는데 ㅋㅋ진상가족들이였음 그사람들도 즐거운마음으로 여행온거겠지 해서 굳이 말하지않았는데 담부터는 걍 말하려구요ㅎ.장점은 이름이 같은 팬션끼리 묶여있는데 작게 펜스쳐져있는게 맘에 들었어요. 그리고 큰운동장 넓어서 뛰기좋았고 수영장물도 깨끗했어요..편의시설과도 가까웠고.음...샤워시설만 고친다면 재방문의사가 있긴합니다만ㅜㅜ더보기', '운전 초보가 접근하기는 경사가 급경사지만.시설 좋고 강아지를 위한 운동장과 수영장이 별도 마련되어 있어 좋았답니다']"
9,신규,[]
