title,date
속초애견동반가능숙소어여들 오셔요!!,2022.06.27.
혹시 안산에 애견동반 가능한숙소가 있을까요?,2022.06.03.
소금강 쪽 애견동반 가능숙소있을까요~~,2022.05.10.
춘천 강아지숲 주변숙소추천해주세요!,2022.04.18.
제주도 애견동반숙소추천해주세요,2022.02.24.
강아지동반제주신혼여행숙소추천 부탁드려요~,2022.01.26.
제주도숙소??,2021.12.16.
영도에 애견동반숙소있나요?,2021.10.18.
광견병 한달전에 자가 접종했는데숙소예약시 광견병 접종기록이 필요하다고해요ㅠㅠ,2021.09.12.
속초바다 놀러오세요! 오션뷰 예쁜숙소소개해요♡,2021.07.29.
혹시 제주도에 괜찮은 애견숙소아시는 분 계신가요?,2021.07.01.
"댕댕이와 제주여행,숙소좀 알려주세요.",2021.05.06.
반려견과 함께하는 한달살기 제주숙소추천,2021.01.03.
[일반 문의]개딸이랑 사람딸이랑 다 만족할 수 있는숙소있나요?,2020.10.13.
애견동반숙소추천해주세요!,2020.07.26.
"[일반 문의]제주도 여행숙소,카페,산책할곳 추천 부탁드려요~!",2020.03.15.
구미) 형곡동 근처 애견동반숙소,2019.12.08.
합천 근처 애견동반숙소아시는분,2019.08.22.
강원도 강릉 2견이하무료 파인힐애견펜션 (대형견펜션 강아지펜션 애견숙소애견민박 강아지숙소애견팬션 애견운동장),2019.06.29.
부산 애견동반숙소,2019.04.06.
애견동반숙소ㅎㅎ,2018.11.07.
울릉도 애견동반숙소좀 알려주세요^^,2018.07.24.
[일반 문의]강아지랑 장봉도 무의도 같은 섬가려는데숙소질문드릴게요,2018.02.20.
대전에 애견동반숙소아시는 분 계세요?,2017.10.22.
대전 애견동반숙소있나요?,2017.07.05.
애견동반가능한숙소,2022.06.23.
[20대]강아지와 함께 갈 마당있는숙소정보를 구해요!,2022.05.27.
제주 애견동반숙소,2022.05.09.
<5.5-6일 >에어비앤비 3개결제해서숙소하나 판매해유ㅠㅠ,2022.04.17.
바다 바로 앞숙소없을까요 ..,2022.02.24.
목포역 주변숙소?,2022.01.20.
독채 애견숙소추천,2021.12.04.
반려견 입실가능숙소어떻게 알아보세요?,2021.10.15.
여수 해양공원근처숙소어디가 좋을까요,2021.09.12.
요번 양평에 풀빌라숙소잡았는데요 근처에 애견동반 가볼맛한 곳 있나요?,2021.07.29.
경남 고성 거제 통영쪽에 애견동반숙소추천해주세요!!,2021.06.28.
[일반 문의]제주 한달 살이숙소,2021.04.19.
양주에는 강아지 동반숙소가 없나봐요?ㅠㅠ,2020.12.29.
제주도 애견동반숙소추천해주세요!,2020.10.10.
제주 반려견동반숙소와 음식점 렌트카,2020.07.23.
<3탄> 내가 정리한 애견동반숙소경기도편,2020.03.09.
강원도 강릉애견펜션 2견이하무료 파인힐애견펜션(애견팬션 애견동반펜션 대형견펜션 애견민박 애견숙소애견동반 대형견동반 반려견숙박),2019.12.03.
"제주도 애견동반 여행지,숙소추천해주세여",2019.08.21.
[일반 문의]에어비앤비 애견동반숙소검색방법,2019.06.24.
[일반 문의]속초. 양양. 애완견 동반숙소문의합니다.,2019.04.01.
김해에 애견동반가능숙소,2018.11.04.
"애견동반식당,숙소등 좋은어플있어서 소개해드려요!(홍보아님)",2018.07.01.
제주도 애견동반숙소추천해주세요,2018.02.20.
목포 애견동반숙소아시는분 계신가요??,2017.10.21.
광주 애견 동반숙소가 있나요?,2017.06.22.
서귀포시 쪽으로 애견동반숙소추천 해주실수있나요??,2022.06.22.
제주숙소추천 부탁!,2022.05.27.
"중형견,진도견도 이용가능한숙소없을까요??(청주,천안근처면 더 굿굿)",2022.05.06.
제주도숙소질문요,2022.04.13.
제주도 한달살기 다녀오시분숙소추천부탁드립니다,2022.02.21.
제주도에 13kg 강아지랑 같이 갈 만 한숙소추천해주세요,2022.01.19.
[30대]중형견 강아지 데리고 제주도숙소어디로 갈까요?,2021.12.02.
구해줘숙소6회 진공사료통,2021.10.14.
"전주,군산쪽 애견동반숙소어디가 좋을까요",2021.09.12.
강원도 서피비치근처숙소추천해주세요~~,2021.07.26.
급히 부산 애견동반숙소있을까요??,2021.06.27.
군산 애견동반숙소추천 부탁드려요,2021.04.17.
크리스마스 인천 영종도 애견동반숙소양도 재업로드합니다[판매끗],2020.12.23.
[20대]제주도 동반숙소추천해주세요!! 강아지 뛰어놀수 있는곳이요!,2020.10.08.
급해요!!도와주세요!!진주에 애견동반숙소가 있을까요?!,2020.06.30.
애견동반숙소,2020.02.26.
"[애견스포츠]혹시 무주스키장이나 양산에덴벨리 근처, 반려동물동반숙소추천",2019.11.20.
부산에 애견동반 가능한숙소추천부탁드려요,2019.08.19.
강원도 강릉 2견이하무료 파인힐애견펜션 (대형견펜션 애견동반 애견숙박 애견민박 애견숙소강아지펜션 애견팬션),2019.06.22.
창원마산쪽애견동반숙소있나요??,2019.03.23.
잠실이나 영등포쪽에 애견동반숙소있을까요?,2018.10.30.
경포대 근처숙소추천좀요~,2018.06.17.
대구애견동반숙소,2018.02.01.
"제주도 반려견 동반 여행(렌터카,숙소등)",2017.10.14.
[일반 문의]동해안 괜찮은숙소알려 주세요,2017.06.16.
양양 여행 (숙소후기),2022.06.20.
강아지와 같이 여행갈때 가시는숙소추천해주세요.,2022.05.25.
"댕댕이랑 제주여행하신분..숙소,맛집 추천해주세요.그외 조언,꿀팁도 좋아요.",2022.05.06.
제주도 여행 팁 좀 알려주세요! (숙소),2022.04.12.
[일반 문의]급여행..숙소가 없네요.,2022.02.19.
[일반 문의]속초숙소문의,2022.01.17.
[20대]동해에 애견동반 괜찮은숙소있나요??,2021.12.02.
일산 킨텍스근처 동반가능숙소,2021.10.12.
[일반 문의]제주도바다보이는애견숙소!,2021.09.05.
다시 회자되는 평창올림픽숙소클라스,2021.07.22.
단 한명도 재방문 의사 없는 불친절한숙소정체,2021.06.21.
애견동반숙소....,2021.04.13.
[일반 문의]최근 세인트존스 호텔 가보신분 계신가요? 그 외숙소추천 부탁드려요,2020.12.22.
[일반 문의]서울 마포구내 반려견 동반 가능한숙소아시는 분 계세요?,2020.10.08.
대천해수욕장숙소추천해주세요~,2020.06.29.
제주에 애견동반 괜찮은숙소추천 부탁드려요~~,2020.02.08.
성남 애견동반숙소(급해요!!),2019.11.20.
[일반 문의]금요일날 애기랑 태안 청포대 해수욕장 근처로 음식점 이나숙소괜찮은데 있을까요~??,2019.08.19.
[일반 문의]제주도 강아지 동반숙소추천해주세요!,2019.06.14.
군산에 강아지동반숙소어디있을까요?,2019.03.08.
다들 댱댕이랑 같이 여행가시면숙소나 식사는 어떻게 하시나요??,2018.10.23.
애견 동반숙소아시는분?,2018.06.15.
군산 애견동반숙소,2018.01.13.
제주한달살이 반려동물 동반숙소,2017.10.07.
[일반 문의]곡성 강아지 동반숙소알려주세요~,2017.05.22.
7월중순 개딸과 가려고 배예약했는데..숙소도움부탁드려요. 바닷가앞이였으면 좋겠어요~~,2022.06.16.
06.04-06.06 제주도 애견동반숙소아름다운 호야네 양도,2022.05.25.
제주도 애견가능 단체숙소있을까요?,2022.05.03.
[일반 문의]8월 초에 제주도에 강아지랑 열흘 정도 가려고 하는데요!숙소추천이여~~^^,2022.04.12.
[일반 문의]제주 반려견숙소잘 아시는분 계실까요…?,2022.02.17.
"제주도숙소정할려는데 ㅎ게,ㄸ내미집 가보신분 계신가요?",2022.01.16.
애견 동반숙소,2021.11.29.
[끌올] 10월 30일 댕댕트레킹 페스티벌숙소나눠 쓰실 2인 찾습니다!,2021.10.10.
[일반 문의]꼬마들데리구 시골한달살이여행하고 싶어요!숙소추천부탁드려요,2021.09.05.
"도쿄 올림픽숙소, 일본 선수들은 안들어간다..?",2021.07.21.
7월4일부터 9일까지 초초초특가로 바다오션뷰숙소드립니다~,2021.06.19.
"애견동반 제주숙소, 렌트카 추천 부탁드려요.(광고사절)",2021.03.29.
"강아지 운동장 있는 애견펜션, 애견동반숙소추천해주세요!",2020.12.14.
고양 파주 일산 주변에 애견동반가능한숙소?,2020.10.01.
혜화역 근처 애견동반숙소있을까요?,2020.06.15.
강원도 강릉애견펜션 2견이하무료 파인힐애견펜션(애견팬션 애견동반펜션 대형견펜션 애견민박 애견숙소애견동반 대형견동반 반려견숙박),2020.02.04.
부산에 애견동반숙소아시는 분 계신가요오~~ㅠㅠ,2019.11.13.
"제주도여행갈껀데,숙소나 음식점 추천좀해주세용!!",2019.08.16.
일산 애견동반숙소정보좀주세용~~^^,2019.06.13.
성신여대근처 강아지동반숙소알려주세요,2019.03.08.
반려견 동반숙소있을까요?,2018.10.16.
여수에 애견 펜션이나 애견동반숙소.,2018.06.15.
여수에 애견동반가능숙소있을까요 ㅠㅠ,2017.12.29.
안동 애견동반숙소좀 부탁합니다 ㅜ,2017.10.03.
제주도 애견동반가능한숙소추천좀 부탁드립니다.,2017.05.20.
의정부 반려견 동반 가능한숙소있을까요??,2022.06.16.
속초 반려동반숙소추천 부탁드려요❤️,2022.05.24.
강릉 애견동반숙소추천,2022.05.01.
부산근교 애견동반숙소추천해주세요!,2022.04.10.
코로나 확진숙소환불,2022.02.15.
강릉 여행 애견동반숙소추천!!,2022.01.12.
경주 반려견 동반숙소추천부탁드려요,2021.11.27.
정읍애견동반숙소추천해주세요,2021.10.09.
반려견과 함께 여행위한숙소,2021.08.30.
[유기ㅣ분실]저희숙소앞에 떠돌아 다니는 개인데 품종이 뭔가요?,2021.07.19.
7월초에 애견동반여행 제주숙소추천부탁드립니다,2021.06.08.
제주 동부숙소추천 부탁 드려요,2021.03.29.
제주시 공항 근처 반려견 동반숙소있을까요?,2020.11.30.
"[일반 문의]아이들과 갈수 있는 서울,경기 근교에 단독채로 되있는 감성적인숙소추천 부탁드립니다.",2020.09.13.
다음주말 세종시에 가야는데 애견동반숙소는 없을까요?,2020.06.06.
강아지동반제주도여행 3편 -숙소,2020.01.30.
[일반 문의]부산에 애견동반숙소좀 알려주세요,2019.11.11.
군산 애견 동반 가능한숙소소개좀 부탁드립니다,2019.08.05.
[30대]부산 댕댕이 동반숙소있을까용?,2019.06.11.
거제도에 반려견과 함께 여행오세요~~(에어비앤비) !!좋은숙소있어요,2019.03.08.
광안리쪽에 애견 동반숙소있을까요??,2018.10.15.
대구 경북 애견동반숙소있나요?,2018.05.08.
강아지 동반가능한숙소질문,2017.12.29.
부산숙소추천부탁드려요~^^,2017.09.16.
제주도 애견동반 가능한숙소추천좀 해주세요,2017.05.20.
제주도 여행숙소공유해주실 분 계신가요?? ㅠㅠ,2022.06.13.
속초 반려동반숙소ㅜㅜ,2022.05.24.
강릉 애견동반숙소추천 부탁드려요~,2022.04.29.
포항 영일대 애견동반숙소,2022.04.08.
제주도 한달살기숙소추천,2022.02.12.
가평 애견동반숙소추천해 주세요.,2022.01.11.
[30대]반려견동반숙소추천이요,2021.11.26.
제주우도애견동반숙소추천,2021.09.28.
제주도 반려견 동반 여행지 및숙소,2021.08.18.
군산에 애견 동반 가능숙소ㅠㅠ,2021.07.17.
제주도숙소추천부탁드려요,2021.06.04.
강아지랑 속초여행가려는데 좋은숙소있을까요?!,2021.03.23.
경기도평택 강아지동반숙소,2020.11.13.
애견 펜션및 애견글램핑장 개인마당이 있는숙소추천좀 부탁드립니다.,2020.08.25.
애견동반숙소좀 알려주세요~부탁드립니다.,2020.06.02.
[30대]강아지 동반여행 때숙소는 어떻게들 찾으시나요?,2020.01.30.
제로랑의 여행.. 괜찮은 여행지 및숙소추천해주세요~,2019.10.22.
댕댕런 (경포) 가시는분?숙소정하셨나요?,2019.08.05.
애견동반숙소없을까요?,2019.05.31.
남양주 강아지동반 가능한숙소추천이요,2019.03.05.
[일반 문의]순천 애견동반숙소,2018.09.19.
저 혹시 목포항 근처에숙소..없을까요??,2018.04.19.
포항에 놀러가려는데 혹시 애견동반펜션이나숙소있나요,2017.12.26.
용인 처인구 근처 애견동반숙소추천요!,2017.09.12.
제주도 애견동반숙소추천 좀 해주세요!!,2017.05.11.
애견 동반 인기 단독숙소양도 합니다- 판매완료,2022.06.13.
애견동반가능숙소는 뭐라 찾아야 나올까요?,2022.05.24.
부산숙소영무 말고 다른곳 없나요?,2022.04.29.
강아지와 여행하게숙소좀 알려주세요,2022.04.07.
애견 동반숙소페텔 어플추천,2022.02.09.
대전 근교 애견 동반숙소괜찮은곳 있을까요?~,2022.01.06.
부산여행 계획중인데유숙소추천받고싶어요 !,2021.11.22.
"강아지 단독으로 풀어놓고 놀 수 있는 펜션,숙소있나요..",2021.09.26.
강원도 바다 근처숙소공유 해주세요~,2021.08.17.
제주도 말고 바닷가 마당있는 한달살이숙소추천부탁드려요!,2021.07.17.
강아지랑 경주여행숙소(글램독 경주) 후기,2021.06.02.
광주근교 애견동반숙소아시는분!,2021.03.22.
숙소,2020.11.10.
강아지 동반숙소추천해주세요.,2020.08.24.
애완견과 숙박가능한숙소있을까요?,2020.05.23.
강원도 강릉애견펜션 2견이하무료 파인힐애견펜션(애견팬션 애견동반펜션 대형견펜션 애견민박 애견숙소애견동반 대형견동반 반려견숙박),2020.01.29.
서울에 중형견과 숙박 가능한숙소가 있을까요?,2019.10.01.
애견동반여행 추천지&숙소좀 추천해주세요 ㅎㅎ,2019.08.04.
제주도 강아지 동반숙소,2019.05.29.
애견동반숙소가보신분,2019.01.22.
애견동반숙소정보좀요ㅎㅎㅎ,2018.09.09.
전주 애견동반숙소,2018.04.15.
애견동반숙소있을까요?,2017.12.25.
[일반 문의]서울근교 애견 동반숙소!,2017.08.31.
제주도 애견동반숙소추천해주세요,2017.05.09.
애견동반숙소,2022.06.12.
바다보이는강아지동반 스파있는숙소좀 알려주세요,2022.05.22.
반려견 반려묘 동반 가능한숙소추천부탁드릴게요.,2022.04.28.
제주도 반려견 동반숙소추천 부탁드립니다.,2022.04.07.
제주도여행 한림쪽애월쪽근처숙소추천부탁드립니다,2022.02.09.
"제주도 34박 예약했어요 ㅋㅋㅋ 강아지랑 둘이 가요! (완도 → 제주,숙소정보)",2022.01.06.
부산애견동반숙소,2021.11.16.
강릉이나속초 애견동반숙소,2021.09.25.
우도 강아지동반숙소이용해보신분 계시나요??,2021.08.17.
속초/고성/양양/강릉 애견동반숙소추천 부탁 드릴게요!,2021.07.14.
"제주도 중,대형견숙소추천부탁드려요",2021.06.01.
제주도 애견동반숙소추천부탁드려요!,2021.03.09.
"제주 애월, 협재 애견동반숙소추천부탁드립니다~",2020.11.08.
여수에 중형견과 함께숙박할수있는숙소가 있을까요?,2020.08.18.
[일반 문의]일산에 강아지 동반 가능한숙소있을까요?,2020.05.21.
[일반 문의]경남 전라남도 쪽 애견동반숙소추천 부탁드려요,2020.01.16.
[일반 문의]혹시 부산쪽 애견동반숙소아시는곳있으신가요?,2019.09.16.
댕댕이와 제주가족여행!!숙소선택 정말 잘 하셔야해요ㅠㅠ!,2019.08.03.
완도쪽 애견동반숙소있을까요?,2019.05.21.
김포공항 근처숙소판매합니다.,2019.01.19.
천안 강아지 동반숙소추천!,2018.08.28.
제주도한달살기숙소,2018.04.13.
천안 천안고속버스터미널 근처에 애견동반가능한숙소있을까요?,2017.12.19.
애견 동반숙소아시는분 계신가요?,2017.08.24.
부산 애견출입가능한숙소있나요?,2017.04.29.
[20대]제주 르메인호텔 6.18-19일숙소양도해요,2022.06.12.
양평 애견동반숙소추천해주세요,2022.05.19.
반려견동반숙소이용시 접종카드 없으면,2022.04.26.
[30대]대형견 동반숙소추천받고싶어요!,2022.04.05.
지리산근처 애견독채숙소추천해주세요!!,2022.02.03.
애견동반숙소추천 좀부탁드려요.,2022.01.02.
군산에 놀러가는데 애견동반숙소,2021.11.13.
전주 애견동반숙소추천해주세요,2021.09.23.
"아가들과 제주도 여행 다녀왔어용 (여행가실때 참고하시라고 일정과숙소,식당 포함해서 자세히 올렸어용)",2021.08.17.
광주엔 애견동반숙소없죠?,2021.07.13.
급합니다! ㅠㅠ 반려동물 입실 가능한숙소,2021.05.31.
강릉이나 양양 쪽에 강아지동반숙소추천해주세요~~,2021.03.05.
당진 애견 동반 식당 &숙소있나요 ?,2020.10.28.
[30대]양양 서피비치 근처 애견동반숙소있을까용??,2020.08.15.
<3탄> 내가 정리한 애견동반숙소(전국),2020.05.14.
"강릉에 애견동반 호텔, 펜션 등숙소추천해주세요~~",2020.01.14.
반려견 데리고 여행할건데 창원 근처에 반려견 동반숙소아시는분ㅠㅠ,2019.09.09.
파인힐애견펜션 강원도강릉주문진 (대형견펜션 애견팬션 애견숙소애견민박 애견운동장 애견수영장 애견숙박),2019.07.19.
제주도 애견동반숙소추천 부탁드립니다,2019.05.20.
강아지 동반숙소추천해주세요,2019.01.17.
애견동반가능한숙소요~^^,2018.08.25.
숙소예약완료~^^,2018.04.06.
애견동반숙소문의합니다,2017.12.17.
반려견 동반숙소구하시는 분들^^*,2017.08.11.
애견동반가능한숙소좀알려주세요ㅜㅜ,2017.04.28.
강아지랑 같이 수영할 수 있는숙소추천해주새요,2022.06.10.
서울에서 가깝고 가성비 좋은 애견동반숙소추천해주세요~~~,2022.05.16.
세마리 가능한 제주도숙소있나요?,2022.04.22.
강아지 동반 가능숙소의 가격이 훨씬 더 비싼가요?,2022.03.28.
[30대]제주 함덕 월정리 애견동반숙소추천해주세요,2022.01.30.
"애견동반숙소,글램핑",2022.01.01.
제주도 애견동반숙소괜찮은 곳 있을까요?,2021.11.12.
"강릉 애견동반여행숙소랑 갈만한곳, 식당 어디가 좋을까요",2021.09.23.
종로3가 근처 애견동반숙소없을까요??,2021.08.17.
펜션이나 당일치기숙소?,2021.07.08.
부산에 애견동반 가능한숙소추천 부탁드려요,2021.05.29.
군산 애견동반숙소있을까요,2021.03.04.
제주 애견동반숙소추천해주세요~,2020.10.20.
[20대]전주에 강아지랑 함께 묵을 수 있는숙소나 펜션 있을까요,2020.08.06.
[일반 문의]제주 애견동반숙소추천좀 부탁드려요^^,2020.05.03.
제주도 애견동반숙소,2019.12.29.
강원도쪽 애견동반숙소추천요,2019.09.06.
부전에 애견동반숙소있을까요?,2019.07.16.
애견동반숙소아시는분~???,2019.05.18.
애견 동반숙소있을까요?,2019.01.09.
안산에 애견동반숙소는 없겠죠?ㅠ,2018.08.16.
원주 반려견 동반 가능숙소있을까요?,2018.04.05.
[일반 문의]제주도에 애견동반숙소추천해주세요!,2017.11.22.
제주공항 애견동반숙소문의드려용. ㅠㅠ,2017.08.04.
켄텍스홀 근처 애견동반 가능한숙소있을까요,2017.04.24.
제주 애견동반숙소,2022.06.07.
제주도 반려견 동반&유치원숙소추천해주세요!,2022.05.13.
"춘천,양평 근처 독채 울타리 있는숙소추천 해주세요~~~",2022.04.21.
강아지 어플 (여행숙소애견동반) 추천해주세요,2022.03.27.
제주도 반려동물 동반숙소추천 부탁드려요,2022.01.30.
애견동반숙소,2022.01.01.
부산 애견동반숙소추천합니다 (오션뷰) 바베큐!,2021.11.01.
군산에 애견동반숙소좀요!ㅠ,2021.09.21.
♡오션뷰 반려견동반룸♡ 바다 뛰뛰하러 오세요! 예쁜숙소소개해드려요!!,2021.08.14.
애견동반숙소문의드립니다.,2021.07.06.
제주애견동반가보신분숙소추천해주세용,2021.05.26.
청주 터미널근처)반려견 동반숙소있을까요 ?,2021.02.21.
에버랜드 애견동반숙소,2020.10.19.
제주도 애견동반숙소추천 부탁드려요~,2020.08.03.
원산도 애견동반숙소아시는분?,2020.04.24.
구미 김천에 애견동반숙소,2019.12.25.
강원도쪽 애견동반숙소추천요,2019.09.05.
서울에 강아지동반숙소있나요?,2019.07.08.
강원도 강릉 2견이하무료 파인힐애견펜션 (대형견펜션 숙박숙소여행 팬션 동반),2019.05.13.
제주도 반려견 동반 호텔. 리조트.숙소좀 알려주세요.,2018.12.27.
애견동반펜션이나숙소좀 추천해주세요,2018.08.13.
제주도한달살기숙소,2018.04.03.
애견동반 가능숙소~,2017.11.10.
애견동반가능한숙소추천해주세요!!,2017.07.31.
부산 애견동반숙소~,2017.04.19.
경남에 강아지동반숙소추천바랍니다.,2022.06.06.
부산/ 경상권 애견동반숙소추천 부탁드립니다!,2022.05.12.
수영장있는(사람들 사용하는)댕댕이동반숙소추천 해주세요~,2022.04.21.
[30대]거제도 반려견 동반숙소추천 부탁드려요~,2022.03.24.
강아지 동반숙소추천해주세요!!!,2022.01.28.
에어비앤비숙소,2021.12.28.
거제 통영 쪽 강아지 동반숙소추천부탁드립니다!,2021.10.22.
애견동반숙소,2021.09.16.
제주도 2박3일 묵기좋은숙소추천해주세용,2021.08.10.
강원도 진돗개 숙박 가능한숙소알려주세요~,2021.07.02.
제주도 애견동반 마당있는숙소~,2021.05.25.
속초 강아지 데리고 갈건데 좋은숙소있을까요?,2021.02.07.
[일반 문의]속초 애견동반숙소찾아요~,2020.10.19.
부산애견동반숙소추천해주세요,2020.08.03.
[40대]경기도 양평에 애완견가능한숙소추천부탁드려요~,2020.04.24.
금일1박할수 있는 강릉쪽숙소있을까요??,2019.12.24.
대전 애견 동반 실내 숙박 가능숙소,2019.08.27.
[20대]부산 애견동반가능숙소추천해주세요,2019.07.08.
강원도 강릉 2견이하무료 파인힐애견펜션 (대형견펜션 애견숙소애견숙박 애견민박 애견동반),2019.05.07.
전라도 광주 애견동반숙소,2018.12.21.
제주도 한달살이숙소좋은곳 있을까요?,2018.07.29.
[일반 문의]해남쪽 혹은 남해쪽 애견동반 가능한숙소있을까요?,2018.04.01.
[일반 문의]덕유산 주변 애견동반숙소있을까요?,2017.11.04.
제주 대형견동반숙소추천좀 해주세요ㅜㅜ,2017.07.20.
애견동반숙소좀알려주세요!,2017.04.06.
태안 애견동반숙소,2022.06.05.
대전 애견동반숙소(급!!!),2022.05.11.
제주도 독채숙소추천,2022.04.19.
제주 저희만 편희 쉴수있는 공간 마당이 있는 독채숙소~~,2022.03.12.
"거창, 진주 애견동반숙소있을까요?",2022.01.26.
연말연시 크리스마스 신년에 함께할 속초 애견동반숙소소개합니다^^,2021.12.22.
담양 여행가구싶은데 동반숙소.....,2021.10.22.
"대전애견동반숙소, 대동단결 후기!!",2021.09.16.
김해 애견동반숙소있을까여?,2021.08.03.
강원도 진돗개 동반 가능한숙소추천해주세요 ㅜㅜ,2021.07.02.
[일반 문의]제주숙소추천부탁드려요~~,2021.05.24.
진주 애견동반숙소공유 부탁드립니다.,2021.02.06.
[일반 문의]부산 해운대 근처 반려견 동반숙소문의,2020.10.18.
[일반 문의]경북 상주에 반려견과 숙박 가능한숙소있을까요?,2020.07.30.
제주도 1주일~2주 살기숙소정보 아시는분~~?,2020.04.02.
근로자 휴가지원사업 포인트로 강원도쪽숙소괜찮은곳?,2019.12.23.
천안에 애견동반숙소나 호텔(시내중심) 있나요??,2019.08.24.
동해숙소적응완료😏,2019.07.07.
부산에 강아지 동반숙소아시는분 도움부탁드립니다ㅜ,2019.05.02.
애견 동반숙소추천해주세요~~,2018.11.20.
아이랑 강아지와 함께 여행 하려고 하는데요. 깨끗하고 수영장 있는 괜찮은숙소추천 해주세요.,2018.07.28.
강쥐랑 함께 지낼숙소...,2018.03.09.
북구 근처나 사하구쪽에 애견동반숙소가 있을까요?,2017.10.28.
부산에 반려동물가능한숙소ㅠㅠ,2017.07.18.
강남근처 애견동반숙소,2017.03.20.
"부산 애견동반숙소, 식당 추천해주세요.",2022.06.04.
일산펫페어 가려는데숙소추천해주세요!,2022.05.11.
멀지않은곳에 애기랑 강아지랑 같이 묵을수있는숙소추천해주세요^^,2022.04.18.
서울이나 서울근교 대형견동반숙소,2022.03.02.
반려견숙소어플 추천합니다!,2022.01.26.
제주도 2박3일 제주여행 애견동반 정보공유(숙소스테이반하나),2021.12.16.
강원도 양양 애견동반 맛집숙소부탁드려요,2021.10.22.
제주함덕숙소,2021.09.15.
갑자기 태안숙소를 가게되었어요. 동반 카페나 식당 정보좀..,2021.07.29.
강아지 수영가능한숙소추천좀 해주세요,2021.07.01.
제주도에 아기와 강아지가 편히 쉴만한숙소아시는분?,2021.05.12.
광주광역시 애견동반숙소있나용,2021.01.05.
강아지랑 첫여행숙소추천 부탁드려요.,2020.10.17.
제천에 강아지동반숙소있을까요,2020.07.27.
강아지 전용 또는 동반 가능한 한달살기숙소추천 부탁드려요!,2020.03.16.
안산에 애견동반숙소있을까요??,2019.12.16.
대전 동반숙소,2019.08.23.
광주수영대회숙소추천부탁드립니다,2019.07.03.
부산 강아지동반숙소정보 공유 부탁드려요,2019.04.28.
부산 애견동반식당&카페&운동장&숙소추천부탁드려요~,2018.11.15.
대전분들 강아지 동반숙소,2018.07.28.
숙소추천 부탁드려요.,2018.03.07.
강아지동반 제주여행/강아지동반숙소공유,2017.10.26.
부산여행가는데 애견동반 호텔/모텔등숙소아시는곳있으면 추천해주세요~,2017.07.07.
제주 애견동반숙소추천 부탁드립니다.,2017.03.13.
